CREATE OR ALTER PROCEDURE GESTION_ALTER_MODIFICATION1 
as
declare variable id_document integer;
declare variable date_document date;
declare variable id_t_paiement integer;
declare variable libelle_paiement varchar(255);
declare variable regle_document numeric(15,2);
declare variable id_compte_banque integer;
declare variable compteur integer;
declare variable code_reglement varchar(9);
declare variable compteur_lgr varchar(7);
declare variable id_tiers integer;
declare variable id_reglement integer;
BEGIN
compteur=0;
compteur_lgr='';
select id_compte_banque from ta_compte_banque where id_tiers=-1 rows 1 into :id_compte_banque;
if(id_compte_banque is null)then
begin
   id_compte_banque=gen_id(num_id_compte_banque,1);
   insert into ta_compte_banque (id_compte_banque,id_tiers,nom_banque,compte,code_banque,code_guichet,cle_rib,
   adresse1_banque,adresse2_banque,cp_banque,ville_banque,iban,code_b_i_c,titulaire,cptcomptable,id_t_banque,
   qui_cree_compte_banque,quand_cree_compte_banque,qui_modif_compte_banque,quand_modif_compte_banque,
   version,ip_acces,version_obj) 
   values(:id_compte_banque,-1,'?','?','?','?','?',null,null,null, null,null,null,
   null,null,null,null,null,null,null,null,0,0);
end

for select f.id_document,f.date_document,f.id_t_paiement,f.libelle_paiement,
f.regle_document,f.id_tiers from ta_facture f where (f.regle_document is not null and f.regle_document<>0)
into :id_document,date_document,id_t_paiement,libelle_paiement,regle_document,id_tiers do
 begin
     compteur=compteur+1;
   compteur_lgr=:compteur;
   while (strlen(:compteur_lgr)<7) do
     compteur_lgr='0'||:compteur_lgr;

   code_reglement='RG'||:compteur_lgr;
   id_reglement =gen_id(num_id_document,1);
   insert into ta_reglement values(:id_reglement,:code_reglement,:date_document,:date_document,
        :libelle_paiement, :id_tiers,:id_t_paiement,0,:regle_document,:id_compte_banque, 64,null, null,null,null,null,null,0);
   insert into ta_r_reglement values(gen_id(num_id_r_reglement,1),:id_reglement,:id_document,
   null,null,null,null,null,null,:regle_document, 0,null,null,null,null,null,null,0);
 end
update ta_facture set id_t_paiement=null,regle_document=0,libelle_paiement='' where regle_document <>0;

END
^
EXECUTE PROCEDURE GESTION_ALTER_MODIFICATION1
^
drop procedure GESTION_ALTER_MODIFICATION1
^

CREATE or ALTER  PROCEDURE GESTION_INSERTION_TABLE1
as
DECLARE VARIABLE QUERY VARCHAR(5000);
BEGIN
query ='';
    if (not exists(select * from TA_T_TVA_DOC where CODE_T_TVA_DOC ='F')) then
     begin
      query='INSERT INTO TA_T_TVA_DOC (ID_T_TVA_DOC, CODE_T_TVA_DOC, LIBELLE_T_TVA_DOC, JOURNAL_T_TVA_DOC, QUI_CREE_T_TVA_DOC, QUAND_CREE_T_TVA_DOC, QUI_MODIF_T_TVA_DOC, QUAND_MODIF_T_TVA_DOC, "VERSION", IP_ACCES, VERSION_OBJ)
      VALUES (1, ''F'', ''Client en FRANCE'',''F'', ''ADMIN'', ''NOW'', ''ADMIN'', ''NOW'', ''2.0.2'', ''550'', 0)';
      EXECUTE STATEMENT :query;
     end
     if (not exists(select * from TA_T_TVA_DOC where CODE_T_TVA_DOC ='HUE')) then
     begin
      query='INSERT INTO TA_T_TVA_DOC (ID_T_TVA_DOC, CODE_T_TVA_DOC, LIBELLE_T_TVA_DOC, JOURNAL_T_TVA_DOC, QUI_CREE_T_TVA_DOC, QUAND_CREE_T_TVA_DOC, QUI_MODIF_T_TVA_DOC, QUAND_MODIF_T_TVA_DOC, "VERSION", IP_ACCES, VERSION_OBJ)
      VALUES (2, ''HUE'', ''Client Hors UE'',''E'', ''ADMIN'', ''NOW'', ''ADMIN'', ''NOW'', ''2.0.2'', ''550'', 0)';
      EXECUTE STATEMENT :query;
     end
     if (not exists(select * from TA_T_TVA_DOC where CODE_T_TVA_DOC ='UE')) then
     begin
      query='INSERT INTO TA_T_TVA_DOC (ID_T_TVA_DOC, CODE_T_TVA_DOC, LIBELLE_T_TVA_DOC, JOURNAL_T_TVA_DOC, QUI_CREE_T_TVA_DOC, QUAND_CREE_T_TVA_DOC, QUI_MODIF_T_TVA_DOC, QUAND_MODIF_T_TVA_DOC, "VERSION", IP_ACCES, VERSION_OBJ)
      VALUES (3, ''UE'', ''Client dans UE'', ''L'', ''ADMIN'', ''NOW'', ''ADMIN'', ''NOW'', ''2.0.2'', ''550'', 0)';
      EXECUTE STATEMENT :query;
     end
     if (not exists(select * from TA_T_TVA_DOC where CODE_T_TVA_DOC ='N')) then
     begin
      query='INSERT INTO TA_T_TVA_DOC (ID_T_TVA_DOC, CODE_T_TVA_DOC, LIBELLE_T_TVA_DOC, JOURNAL_T_TVA_DOC, QUI_CREE_T_TVA_DOC, QUAND_CREE_T_TVA_DOC, QUI_MODIF_T_TVA_DOC, QUAND_MODIF_T_TVA_DOC, "VERSION", IP_ACCES, VERSION_OBJ)
      VALUES (4, ''N'', ''Client Franchise de TVA'', ''N'', ''ADMIN'', ''NOW'', ''ADMIN'', ''NOW'', ''2.0.2'', ''550'', 0)';
      EXECUTE STATEMENT :query;
     end
END
^
EXECUTE PROCEDURE GESTION_INSERTION_TABLE1
^
drop procedure GESTION_INSERTION_TABLE1
^

CREATE or ALTER  PROCEDURE GESTION_INSERTION_VALEUR1
as    
DECLARE VARIABLE QUERY VARCHAR(5000);
BEGIN
query ='';
    if(not exists(select t.CODE_T_RELANCE from TA_T_RELANCE t where t.CODE_T_RELANCE ='R1W'))then
    begin
    query = 'INSERT INTO TA_T_RELANCE (ID_T_RELANCE, CODE_T_RELANCE, LIBELLE_T_RELANCE, CHEMIN_CORRESP_RELANCE, CHEMIN_MODEL_RELANCE, ORDRE_T_RELANCE, ACTIF, DEFAUT, TYPE_LOGICIEL, QUI_CREE_T_RELANCE, QUAND_CREE_T_RELANCE, QUI_MODIF_T_RELANCE, QUAND_MODIF_T_RELANCE, "VERSION", IP_ACCES, VERSION_OBJ) VALUES (gen_id(num_id_T_relance,1)
    , ''R1W'', ''Première relance'', ''motcle.properties'', ''modelLettre.doc'', 1, 0, 1, ''MsWord'', ''ADMIN'', ''5-AUG-2010 15:36:02'', ''ADMIN'', ''17-AUG-2010 11:30:00'', ''2.0.2'', ''0'', 0)';
    EXECUTE STATEMENT :query;
    end
    
    if(not exists(select t.CODE_T_RELANCE from TA_T_RELANCE t where t.CODE_T_RELANCE ='R2W'))then
    begin
    query = 'INSERT INTO TA_T_RELANCE (ID_T_RELANCE, CODE_T_RELANCE, LIBELLE_T_RELANCE, CHEMIN_CORRESP_RELANCE, CHEMIN_MODEL_RELANCE, ORDRE_T_RELANCE, ACTIF, DEFAUT, TYPE_LOGICIEL, QUI_CREE_T_RELANCE, QUAND_CREE_T_RELANCE, QUI_MODIF_T_RELANCE, QUAND_MODIF_T_RELANCE, "VERSION", IP_ACCES, VERSION_OBJ) VALUES (gen_id(num_id_T_relance,1)
    , ''R2W'', ''Deuxième relance'', ''motcle.properties'', ''modelLettre2.doc'', 2, 0, 1, ''MsWord'', ''ADMIN'', ''5-AUG-2010 15:36:02'', ''ADMIN'', ''17-AUG-2010 11:30:00'', ''2.0.2'', ''0'', 0)';
    EXECUTE STATEMENT :query;
    end
    
    if(not exists(select t.CODE_T_RELANCE from TA_T_RELANCE t where t.CODE_T_RELANCE ='R3W'))then
    begin
    query = 'INSERT INTO TA_T_RELANCE (ID_T_RELANCE, CODE_T_RELANCE, LIBELLE_T_RELANCE, CHEMIN_CORRESP_RELANCE, CHEMIN_MODEL_RELANCE, ORDRE_T_RELANCE, ACTIF, DEFAUT, TYPE_LOGICIEL, QUI_CREE_T_RELANCE, QUAND_CREE_T_RELANCE, QUI_MODIF_T_RELANCE, QUAND_MODIF_T_RELANCE, "VERSION", IP_ACCES, VERSION_OBJ) VALUES (gen_id(num_id_T_relance,1)
    , ''R3W'', ''Troisième relance'', ''motcle.properties'', ''modelLettre3.doc'', 3, 0, 1, ''MsWord'', ''ADMIN'', ''5-AUG-2010 15:36:02'', ''ADMIN'', ''17-AUG-2010 11:30:00'', ''2.0.2'', ''0'', 0)';
    EXECUTE STATEMENT :query;
    end
    
    if(not exists(select t.CODE_T_RELANCE from TA_T_RELANCE t where t.CODE_T_RELANCE ='R1OP'))then
    begin
    query = 'INSERT INTO TA_T_RELANCE (ID_T_RELANCE, CODE_T_RELANCE, LIBELLE_T_RELANCE, CHEMIN_CORRESP_RELANCE, CHEMIN_MODEL_RELANCE, ORDRE_T_RELANCE, ACTIF, DEFAUT, TYPE_LOGICIEL, QUI_CREE_T_RELANCE, QUAND_CREE_T_RELANCE, QUI_MODIF_T_RELANCE, QUAND_MODIF_T_RELANCE, "VERSION", IP_ACCES, VERSION_OBJ) VALUES (gen_id(num_id_T_relance,1)
    , ''R1OP'', ''Première relance'', ''motcle.properties'', ''modelLettre.odt'', 1, 1, 1, ''OpenOffice'', ''ADMIN'', ''5-AUG-2010 15:36:02'', ''ADMIN'', ''17-AUG-2010 11:30:00'', ''2.0.2'', ''0'', 0)';
    EXECUTE STATEMENT :query;
    end
    
    if(not exists(select t.CODE_T_RELANCE from TA_T_RELANCE t where t.CODE_T_RELANCE ='R2OP'))then
    begin
    query = 'INSERT INTO TA_T_RELANCE (ID_T_RELANCE, CODE_T_RELANCE, LIBELLE_T_RELANCE, CHEMIN_CORRESP_RELANCE, CHEMIN_MODEL_RELANCE, ORDRE_T_RELANCE, ACTIF, DEFAUT, TYPE_LOGICIEL, QUI_CREE_T_RELANCE, QUAND_CREE_T_RELANCE, QUI_MODIF_T_RELANCE, QUAND_MODIF_T_RELANCE, "VERSION", IP_ACCES, VERSION_OBJ) VALUES (gen_id(num_id_T_relance,1)
    , ''R2OP'', ''Deuxième relance'', ''motcle.properties'', ''modelLettre2.odt'', 2, 1, 1, ''OpenOffice'', ''ADMIN'', ''5-AUG-2010 15:36:02'', ''ADMIN'', ''17-AUG-2010 11:30:00'', ''2.0.2'', ''0'', 0)';
    EXECUTE STATEMENT :query;
    end 
    
    if(not exists(select t.CODE_T_RELANCE from TA_T_RELANCE t where t.CODE_T_RELANCE ='R3OP'))then
    begin
    query = 'INSERT INTO TA_T_RELANCE (ID_T_RELANCE, CODE_T_RELANCE, LIBELLE_T_RELANCE, CHEMIN_CORRESP_RELANCE, CHEMIN_MODEL_RELANCE, ORDRE_T_RELANCE, ACTIF, DEFAUT, TYPE_LOGICIEL, QUI_CREE_T_RELANCE, QUAND_CREE_T_RELANCE, QUI_MODIF_T_RELANCE, QUAND_MODIF_T_RELANCE, "VERSION", IP_ACCES, VERSION_OBJ) VALUES (gen_id(num_id_T_relance,1)
    , ''R3OP'', ''Troisième relance'', ''motcle.properties'', ''modelLettre3.odt'', 3, 1, 1, ''OpenOffice'', ''ADMIN'', ''5-AUG-2010 15:36:02'', ''ADMIN'', ''17-AUG-2010 11:30:00'', ''2.0.2'', ''0'', 0)';
    EXECUTE STATEMENT :query;
    end 
    
    delete from TA_PARAM_PUBLIPOSTAGE;
    query = 'INSERT INTO TA_PARAM_PUBLIPOSTAGE (ID, LOGICIEL_PUBLIPOSTAGE, EXTENSION, QUI_CREE, QUAND_CREE, QUI_MODIF, QUAND_MODIF, IP_ACCES, VERSION_OBJ, "VERSION") 
    VALUES (1, ''OpenOffice 3'', ''*.odt'', NULL, NULL, ''ADMIN'', ''24-AUG-2010 16:23:23'', 0, 0, NULL)';
    EXECUTE STATEMENT :query;
END
^
EXECUTE PROCEDURE GESTION_INSERTION_VALEUR1
^
drop procedure GESTION_INSERTION_VALEUR1
^

CREATE or ALTER  PROCEDURE GESTION_INSERTION_VALEUR2
as    
DECLARE VARIABLE QUERY VARCHAR(5000);
BEGIN
query ='';
    query = 'update ta_tiers t set t.id_t_tva_doc=(select td.id_t_tva_doc from ta_t_tva_doc td where upper(td.code_t_tva_doc) like ''F'') where t.id_t_tva_doc is null';
    EXECUTE STATEMENT :query;
    
END
^
EXECUTE PROCEDURE GESTION_INSERTION_VALEUR2
^
drop procedure GESTION_INSERTION_VALEUR2
^


CREATE or ALTER  PROCEDURE GESTION_INSERTION_VALEUR3
as    
DECLARE VARIABLE QUERY VARCHAR(5000);
BEGIN
	query ='';
	query ='update TA_VISUALISATION set CODE_REQUETE =''Extraction tiers - Facturés'' where lower(CODE_REQUETE)=''extraction tiers'''; 
	 EXECUTE STATEMENT :query;
    query ='';
    if(not exists(select * from TA_VISUALISATION where lower(CODE_REQUETE) like 'extraction tiers - Tous'))then
    begin
	 	query = 'INSERT INTO TA_VISUALISATION (ID, CODE_REQUETE, REQUETE, CHAMPS, TITRE_CHAMPS, TAILLE_CHAMPS, MODULE, IMPRESSION, IDENTIFIANT, ID_EDITEUR, ID_PLUGIN, CLAUSE_WHERE, GROUPBY, CLAUSE_HAVING, PROC, PARAM, TYPES_RETOUR, TOTAUX, QUERY_LANG, CLASSE_RECHERCHE) VALUES (gen_id(num_id_visualisation,1), ''Extraction tiers - Tous'', ''select distinct(t.nomTiers),t.prenomTiers,a.adresse1Adresse, a.adresse2Adresse,a.adresse3Adresse,  a.codepostalAdresse, a.villeAdresse, a.paysAdresse,substring(a.codepostalAdresse,1,2),tc.codeTCivilite,t.surnomTiers, t.codeTiers,e.nomEntreprise,t.actifTiers,t.ttcTiers,tt.codeTTiers,  tt.libelleTTiers,c.commentaire,te.codeTEntite, co.tvaIComCompl,  co.siretCompl,tel.numeroTelephone,mail.adresseEmail,w.adresseWeb,t.quandCreeTiers
		from fr.legrain.tiers.dao.TaTiers t  
		left join t.taAdresse a 
		left join t.taTCivilite tc 
		left join t.taEntreprise e 
		left join t.taTTiers tt 
		left join t.taCommentaire c 
		left join t.taTEntite te 
		left join t.taCompl co 
		left join t.taTelephone tel 
		left join t.taEmail mail 
		left join t.taWeb w'',
 		''t.nomTiers;t.prenomTiers;a.adresse1Adresse;a.adresse2Adresse;a.adresse3Adresse;a.codepostalAdresse;a.villeAdresse;a.paysAdresse;substring(a.codepostalAdresse,1,2);tc.codeTCivilite;t.surnomTiers;t.codeTiers;e.nomEntreprise;t.actifTiers;t.ttcTiers;tt.codeTTiers;tt.libelleTTiers;c.commentaire;te.codeTEntite;co.tvaIComCompl;co.siretCompl;tel.numeroTelephone;mail.adresseEmail;w.adresseWeb;t.quandCreeTiers'',
 		''Nom;Prénom;Adresse 1;Adresse 2;Adresse 3;Code poastal;Ville;Pays;Département;Civilité;Surnom;Code tiers;Nom entreprise;Actif;TTC;Type tiers;Libellé type;Commentaire;Type entité;Tva intra;Siret;Tel;Email;Web'',
 		''50;50;50;50;50;50;50;50;50;50;50;50;50;50;50;50;50;50;50;50;50;50;50;50'',
 		''tiers'', ''/report/extraction_Tiers.rptdesign'', ''t.codeTiers'',
 		''fr.legrain.tiers.editor.EditorTiers'', ''Tiers'', NULL, '''', NULL, 0, NULL, 
		''s;s;s;s;s;s;s;s;i;s;s;s;s;b;b;s;s;s;s;s;s;s;s;s'', NULL, ''JPQL'', NULL)';
    	EXECUTE STATEMENT :query;
    end
    
END
^
EXECUTE PROCEDURE GESTION_INSERTION_VALEUR3
^
drop procedure GESTION_INSERTION_VALEUR3
^

CREATE or ALTER  PROCEDURE GESTION_INSERTION_VALEUR4
as    
DECLARE VARIABLE QUERY VARCHAR(5000);
BEGIN
    query ='';
    if(not exists(select * from TA_VISUALISATION where lower(CODE_REQUETE) like 'liste des règlements'))then
    begin
	 	query = 'INSERT INTO TA_VISUALISATION (ID, CODE_REQUETE, REQUETE, CHAMPS, TITRE_CHAMPS, TAILLE_CHAMPS, MODULE, IMPRESSION, IDENTIFIANT, 
ID_EDITEUR, ID_PLUGIN, CLAUSE_WHERE, GROUPBY, CLAUSE_HAVING, PROC, PARAM, TYPES_RETOUR, TOTAUX, QUERY_LANG, CLASSE_RECHERCHE) 
VALUES (gen_id(num_id_visualisation,1), ''Liste des réglements'', ''	select r.codeDocument,t.codeTiers,r.dateDocument,r.libelleDocument,r.netTtcCalc,rr.affectation,
	tp.codeTPaiement,f.codeDocument
	from TaReglement r
	join r.taRReglements rr
	join rr.taFacture f 
	join r.taTiers t 
	left join r.taTPaiement tp'', ''r.codeDocument;t.codeTiers;r.dateDocument;r.libelleDocument;r.netTtcCalc;rr.affectation;
	tp.codeTPaiement;f.codeDocument'', ''code Document;
code Tiers;
date Document;
libelle;
net Ttc;
Affectation;
code Paiement;
Facture'', ''100;100;100;100;100;100;100;100'', ''ReglementSurListe'', ''aa'', ''r.codeDocument'', ''fr.legrain.reglement.editor.EditorGestionReglement'',
 ''fr.legrain.reglement'', NULL, ''order by r.codeDocument'', NULL, 0, NULL, ''s;s;d;s;i;i;s;s'', ''4;5'', ''JPQL'', NULL)';
    	EXECUTE STATEMENT :query;
    end
    
END
^
EXECUTE PROCEDURE GESTION_INSERTION_VALEUR4
^
drop procedure GESTION_INSERTION_VALEUR4
^

CREATE OR ALTER PROCEDURE MAJ_GENERATEUR 
as
declare variable v_gen integer;
declare variable v_max integer;
begin

select max(alias.id) from TA_VISUALISATION alias into :v_max; if (v_max is null)
then v_max = 0; V_GEN = gen_id(num_id_param_doss_intel, 0); V_GEN = gen_id(num_id_param_doss_intel, V_MAX - V_GEN);

select max(alias.id) from TA_R_PARAM_DOS_INTEL alias into :v_max; if (v_max is null)
then v_max = 0; V_GEN = gen_id(NUM_ID_R_PARAM_DOS_INTEL, 0); V_GEN = gen_id(NUM_ID_R_PARAM_DOS_INTEL, V_MAX - V_GEN);

select max(alias.id) from TA_TYPE_DONNEE alias into :v_max; if (v_max is null)
then v_max = 0; V_GEN = gen_id(num_id_type_donnee, 0); V_GEN = gen_id(num_id_type_donnee, V_MAX - V_GEN);

end
^


CREATE or ALTER  PROCEDURE GESTION_INSERTION_VALEUR5
as    
DECLARE VARIABLE QUERY VARCHAR(5000);
BEGIN
	
    delete from TA_R_PARAM_DOS_INTEL;
    delete from TA_TYPE_DONNEE;
    delete from TA_PARAM_DOSSIER_INTELLIGENT;

INSERT INTO TA_PARAM_DOSSIER_INTELLIGENT (ID, MOT, SQL, NB_ZONES, QUI_CREE, QUAND_CREE, QUI_MODIF, QUAND_MODIF, IP_ACCES, VERSION_OBJ, "VERSION") VALUES (1, 'EST EGALE A', '=', 1, 'ADMIN', '2010-12-08 12:12:01', 'ADMIN', '2010-12-08 12:12:01', 0, 0, NULL);
INSERT INTO TA_PARAM_DOSSIER_INTELLIGENT (ID, MOT, SQL, NB_ZONES, QUI_CREE, QUAND_CREE, QUI_MODIF, QUAND_MODIF, IP_ACCES, VERSION_OBJ, "VERSION") VALUES (2, 'N''EST PAS EGALE A', '<>', 1, 'ADMIN', '2010-12-08 12:12:19', 'ADMIN', '2010-12-08 12:24:43', 0, 0, NULL);
INSERT INTO TA_PARAM_DOSSIER_INTELLIGENT (ID, MOT, SQL, NB_ZONES, QUI_CREE, QUAND_CREE, QUI_MODIF, QUAND_MODIF, IP_ACCES, VERSION_OBJ, "VERSION") VALUES (3, 'EST SUPERIEUR A', '>', 1, 'ADMIN', '2010-12-08 12:12:34', 'ADMIN', '2010-12-08 12:24:44', 0, 0, NULL);
INSERT INTO TA_PARAM_DOSSIER_INTELLIGENT (ID, MOT, SQL, NB_ZONES, QUI_CREE, QUAND_CREE, QUI_MODIF, QUAND_MODIF, IP_ACCES, VERSION_OBJ, "VERSION") VALUES (4, 'EST INFERIEUR A', '<', 1, 'ADMIN', '2010-12-08 12:12:46', 'ADMIN', '2010-12-08 12:24:46', 0, 0, NULL);
INSERT INTO TA_PARAM_DOSSIER_INTELLIGENT (ID, MOT, SQL, NB_ZONES, QUI_CREE, QUAND_CREE, QUI_MODIF, QUAND_MODIF, IP_ACCES, VERSION_OBJ, "VERSION") VALUES (5, 'CONTIENT', 'like', 1, 'ADMIN', '2010-12-08 12:12:52', 'ADMIN', '2010-12-08 12:24:46', 0, 0, NULL);
INSERT INTO TA_PARAM_DOSSIER_INTELLIGENT (ID, MOT, SQL, NB_ZONES, QUI_CREE, QUAND_CREE, QUI_MODIF, QUAND_MODIF, IP_ACCES, VERSION_OBJ, "VERSION") VALUES (6, 'NE CONTIENT PAS', 'not like', 1, 'ADMIN', '2010-12-08 12:13:05', 'ADMIN', '2010-12-08 12:24:47', 0, 0, NULL);
INSERT INTO TA_PARAM_DOSSIER_INTELLIGENT (ID, MOT, SQL, NB_ZONES, QUI_CREE, QUAND_CREE, QUI_MODIF, QUAND_MODIF, IP_ACCES, VERSION_OBJ, "VERSION") VALUES (7, 'EST COMPRIS ENTRE', 'between', 2, 'ADMIN', '2010-12-08 12:13:31', 'ADMIN', '2010-12-08 12:24:50', 0, 0, NULL);
INSERT INTO TA_PARAM_DOSSIER_INTELLIGENT (ID, MOT, SQL, NB_ZONES, VERSION_OBJ) VALUES (8, 'COMMENCE PAR', 'start with', 1,  0);
INSERT INTO TA_PARAM_DOSSIER_INTELLIGENT (ID, MOT, SQL, NB_ZONES,  VERSION_OBJ) VALUES (9, 'FINI PAR', 'finish with', 1, 0);
	 


INSERT INTO TA_TYPE_DONNEE (ID, TYPE_DONNEE, QUI_CREE, QUAND_CREE, QUI_MODIF, QUAND_MODIF, IP_ACCES, VERSION_OBJ, "VERSION") VALUES (1, 'java.util.date', 'ADMIN', '2010-12-08 12:08:04', 'ADMIN', '2010-12-08 12:09:03', 0, 0, NULL);
INSERT INTO TA_TYPE_DONNEE (ID, TYPE_DONNEE, QUI_CREE, QUAND_CREE, QUI_MODIF, QUAND_MODIF, IP_ACCES, VERSION_OBJ, "VERSION") VALUES (2, 'java.lang.String', 'ADMIN', '2010-12-08 12:08:13', 'ADMIN', '2010-12-08 12:08:57', 0, 0, NULL);
INSERT INTO TA_TYPE_DONNEE (ID, TYPE_DONNEE, QUI_CREE, QUAND_CREE, QUI_MODIF, QUAND_MODIF, IP_ACCES, VERSION_OBJ, "VERSION") VALUES (3, 'java.math.BigDecimal', 'ADMIN', '2010-12-08 12:08:55', 'ADMIN', '2010-12-08 12:08:55', 0, 0, NULL);
INSERT INTO TA_TYPE_DONNEE (ID, TYPE_DONNEE, QUI_CREE, QUAND_CREE, QUI_MODIF, QUAND_MODIF, IP_ACCES, VERSION_OBJ, "VERSION") VALUES (4, 'java.lang.Integer', 'ADMIN', '2010-12-08 12:09:16', 'ADMIN', '2010-12-08 12:09:16', 0, 0, NULL);
INSERT INTO TA_TYPE_DONNEE (ID, TYPE_DONNEE, QUI_CREE, QUAND_CREE, QUI_MODIF, QUAND_MODIF, IP_ACCES, VERSION_OBJ, "VERSION") VALUES (5, 'java.lang.Short', 'ADMIN', '2010-12-08 12:09:21', 'ADMIN', '2010-12-08 12:09:21', 0, 0, NULL);
INSERT INTO TA_TYPE_DONNEE (ID, TYPE_DONNEE, QUI_CREE, QUAND_CREE, QUI_MODIF, QUAND_MODIF, IP_ACCES, VERSION_OBJ, "VERSION") VALUES (6, 'java.sql.Time', 'ADMIN', '2010-12-08 12:10:57', 'ADMIN', '2010-12-08 12:10:57', 0, 0, NULL);
INSERT INTO TA_TYPE_DONNEE (ID, TYPE_DONNEE, QUI_CREE, QUAND_CREE, QUI_MODIF, QUAND_MODIF, IP_ACCES, VERSION_OBJ, "VERSION") VALUES (7, 'sun.security.util.BigInt', 'ADMIN', '2010-12-08 12:11:07', 'ADMIN', '2010-12-08 12:11:07', 0, 0, NULL);
INSERT INTO TA_TYPE_DONNEE (ID, TYPE_DONNEE, QUI_CREE, QUAND_CREE, QUI_MODIF, QUAND_MODIF, IP_ACCES, VERSION_OBJ, "VERSION") VALUES (8, 'java.lang.Float', 'ADMIN', '2010-12-08 12:11:12', 'ADMIN', '2010-12-08 12:11:12', 0, 0, NULL);
INSERT INTO TA_TYPE_DONNEE (ID, TYPE_DONNEE, QUI_CREE, QUAND_CREE, QUI_MODIF, QUAND_MODIF, IP_ACCES, VERSION_OBJ, "VERSION") VALUES (9, 'java.math.BigInteger', 'ADMIN', '2010-12-08 12:11:18', 'ADMIN', '2010-12-08 12:11:18', 0, 0, NULL);
INSERT INTO TA_TYPE_DONNEE (ID, TYPE_DONNEE, QUI_CREE, QUAND_CREE, QUI_MODIF, QUAND_MODIF, IP_ACCES, VERSION_OBJ, "VERSION") VALUES (10, 'java.lang.Double', 'ADMIN', '2010-12-08 12:11:22', 'ADMIN', '2010-12-08 12:11:22', 0, 0, NULL);
INSERT INTO TA_TYPE_DONNEE (ID, TYPE_DONNEE, QUI_CREE, QUAND_CREE, QUI_MODIF, QUAND_MODIF, IP_ACCES, VERSION_OBJ, "VERSION") VALUES (11, 'java.sql.Timestamp', 'ADMIN', '2010-12-08 12:11:27', 'ADMIN', '2010-12-08 12:11:27', 0, 0, NULL);
INSERT INTO TA_TYPE_DONNEE (ID, TYPE_DONNEE, QUI_CREE, QUAND_CREE, QUI_MODIF, QUAND_MODIF, IP_ACCES, VERSION_OBJ, "VERSION") VALUES (12, 'java.lang.Character', 'ADMIN', '2010-12-08 12:11:31', 'ADMIN', '2010-12-08 12:11:31', 0, 0, NULL);
INSERT INTO TA_TYPE_DONNEE (ID, TYPE_DONNEE, QUI_CREE, QUAND_CREE, QUI_MODIF, QUAND_MODIF, IP_ACCES, VERSION_OBJ, "VERSION") VALUES (13, 'java.lang.Boolean', 'ADMIN', '2010-12-09 09:39:34', 'ADMIN', '2010-12-09 09:39:34', 0, 0, NULL);



INSERT INTO TA_R_PARAM_DOS_INTEL (ID, ID_PARAM, ID_TYPE_DONNEE, QUI_CREE, QUAND_CREE, QUI_MODIF, QUAND_MODIF, "VERSION", IP_ACCES, VERSION_OBJ) VALUES (gen_id(NUM_ID_R_PARAM_DOS_INTEL,1), 1, 2, 'ADMIN', '2010-12-08 12:15:21', 'ADMIN', '2010-12-08 12:15:21', '2.0.3', '0', 0);
INSERT INTO TA_R_PARAM_DOS_INTEL (ID, ID_PARAM, ID_TYPE_DONNEE, QUI_CREE, QUAND_CREE, QUI_MODIF, QUAND_MODIF, "VERSION", IP_ACCES, VERSION_OBJ) VALUES (gen_id(NUM_ID_R_PARAM_DOS_INTEL,1), 1, 3, 'ADMIN', '2010-12-08 12:15:31', 'ADMIN', '2010-12-08 12:15:31', '2.0.3', '0', 0);
INSERT INTO TA_R_PARAM_DOS_INTEL (ID, ID_PARAM, ID_TYPE_DONNEE, QUI_CREE, QUAND_CREE, QUI_MODIF, QUAND_MODIF, "VERSION", IP_ACCES, VERSION_OBJ) VALUES (gen_id(NUM_ID_R_PARAM_DOS_INTEL,1), 1, 4, 'ADMIN', '2010-12-08 12:15:47', 'ADMIN', '2010-12-08 12:15:47', '2.0.3', '0', 0);
INSERT INTO TA_R_PARAM_DOS_INTEL (ID, ID_PARAM, ID_TYPE_DONNEE, QUI_CREE, QUAND_CREE, QUI_MODIF, QUAND_MODIF, "VERSION", IP_ACCES, VERSION_OBJ) VALUES (gen_id(NUM_ID_R_PARAM_DOS_INTEL,1), 1, 5, 'ADMIN', '2010-12-08 12:15:50', 'ADMIN', '2010-12-08 12:15:50', '2.0.3', '0', 0);
INSERT INTO TA_R_PARAM_DOS_INTEL (ID, ID_PARAM, ID_TYPE_DONNEE, QUI_CREE, QUAND_CREE, QUI_MODIF, QUAND_MODIF, "VERSION", IP_ACCES, VERSION_OBJ) VALUES (gen_id(NUM_ID_R_PARAM_DOS_INTEL,1), 1, 6, 'ADMIN', '2010-12-08 12:15:57', 'ADMIN', '2010-12-08 12:15:57', '2.0.3', '0', 0);
INSERT INTO TA_R_PARAM_DOS_INTEL (ID, ID_PARAM, ID_TYPE_DONNEE, QUI_CREE, QUAND_CREE, QUI_MODIF, QUAND_MODIF, "VERSION", IP_ACCES, VERSION_OBJ) VALUES (gen_id(NUM_ID_R_PARAM_DOS_INTEL,1), 1, 7, 'ADMIN', '2010-12-08 12:17:06', 'ADMIN', '2010-12-08 12:17:06', '2.0.3', '0', 0);
INSERT INTO TA_R_PARAM_DOS_INTEL (ID, ID_PARAM, ID_TYPE_DONNEE, QUI_CREE, QUAND_CREE, QUI_MODIF, QUAND_MODIF, "VERSION", IP_ACCES, VERSION_OBJ) VALUES (gen_id(NUM_ID_R_PARAM_DOS_INTEL,1), 1, 8, 'ADMIN', '2010-12-08 12:17:10', 'ADMIN', '2010-12-08 12:17:10', '2.0.3', '0', 0);
INSERT INTO TA_R_PARAM_DOS_INTEL (ID, ID_PARAM, ID_TYPE_DONNEE, QUI_CREE, QUAND_CREE, QUI_MODIF, QUAND_MODIF, "VERSION", IP_ACCES, VERSION_OBJ) VALUES (gen_id(NUM_ID_R_PARAM_DOS_INTEL,1), 1, 9, 'ADMIN', '2010-12-08 12:17:14', 'ADMIN', '2010-12-08 12:17:14', '2.0.3', '0', 0);
INSERT INTO TA_R_PARAM_DOS_INTEL (ID, ID_PARAM, ID_TYPE_DONNEE, QUI_CREE, QUAND_CREE, QUI_MODIF, QUAND_MODIF, "VERSION", IP_ACCES, VERSION_OBJ) VALUES (gen_id(NUM_ID_R_PARAM_DOS_INTEL,1), 1, 10, 'ADMIN', '2010-12-08 12:17:17', 'ADMIN', '2010-12-08 12:17:17', '2.0.3', '0', 0);
INSERT INTO TA_R_PARAM_DOS_INTEL (ID, ID_PARAM, ID_TYPE_DONNEE, QUI_CREE, QUAND_CREE, QUI_MODIF, QUAND_MODIF, "VERSION", IP_ACCES, VERSION_OBJ) VALUES (gen_id(NUM_ID_R_PARAM_DOS_INTEL,1), 1, 11, 'ADMIN', '2010-12-08 12:17:21', 'ADMIN', '2010-12-08 12:17:21', '2.0.3', '0', 0);
INSERT INTO TA_R_PARAM_DOS_INTEL (ID, ID_PARAM, ID_TYPE_DONNEE, QUI_CREE, QUAND_CREE, QUI_MODIF, QUAND_MODIF, "VERSION", IP_ACCES, VERSION_OBJ) VALUES (gen_id(NUM_ID_R_PARAM_DOS_INTEL,1), 1, 12, 'ADMIN', '2010-12-08 12:17:36', 'ADMIN', '2010-12-08 12:17:36', '2.0.3', '0', 0);
INSERT INTO TA_R_PARAM_DOS_INTEL (ID, ID_PARAM, ID_TYPE_DONNEE, QUI_CREE, QUAND_CREE, QUI_MODIF, QUAND_MODIF, "VERSION", IP_ACCES, VERSION_OBJ) VALUES (gen_id(NUM_ID_R_PARAM_DOS_INTEL,1), 1, 1, 'ADMIN', '2010-12-08 12:23:15', 'ADMIN', '2010-12-08 12:23:15', '2.0.3', '0', 0);
INSERT INTO TA_R_PARAM_DOS_INTEL (ID, ID_PARAM, ID_TYPE_DONNEE, QUI_CREE, QUAND_CREE, QUI_MODIF, QUAND_MODIF, "VERSION", IP_ACCES, VERSION_OBJ) VALUES (gen_id(NUM_ID_R_PARAM_DOS_INTEL,1), 2, 1, 'ADMIN', '2010-12-08 12:24:54', 'ADMIN', '2010-12-08 12:24:54', '2.0.3', '0', 0);
INSERT INTO TA_R_PARAM_DOS_INTEL (ID, ID_PARAM, ID_TYPE_DONNEE, QUI_CREE, QUAND_CREE, QUI_MODIF, QUAND_MODIF, "VERSION", IP_ACCES, VERSION_OBJ) VALUES (gen_id(NUM_ID_R_PARAM_DOS_INTEL,1), 2, 2, 'ADMIN', '2010-12-08 12:24:54', 'ADMIN', '2010-12-08 12:24:54', '2.0.3', '0', 0);
INSERT INTO TA_R_PARAM_DOS_INTEL (ID, ID_PARAM, ID_TYPE_DONNEE, QUI_CREE, QUAND_CREE, QUI_MODIF, QUAND_MODIF, "VERSION", IP_ACCES, VERSION_OBJ) VALUES (gen_id(NUM_ID_R_PARAM_DOS_INTEL,1), 2, 3, 'ADMIN', '2010-12-08 12:24:54', 'ADMIN', '2010-12-08 12:24:54', '2.0.3', '0', 0);
INSERT INTO TA_R_PARAM_DOS_INTEL (ID, ID_PARAM, ID_TYPE_DONNEE, QUI_CREE, QUAND_CREE, QUI_MODIF, QUAND_MODIF, "VERSION", IP_ACCES, VERSION_OBJ) VALUES (gen_id(NUM_ID_R_PARAM_DOS_INTEL,1), 2, 4, 'ADMIN', '2010-12-08 12:24:54', 'ADMIN', '2010-12-08 12:24:54', '2.0.3', '0', 0);
INSERT INTO TA_R_PARAM_DOS_INTEL (ID, ID_PARAM, ID_TYPE_DONNEE, QUI_CREE, QUAND_CREE, QUI_MODIF, QUAND_MODIF, "VERSION", IP_ACCES, VERSION_OBJ) VALUES (gen_id(NUM_ID_R_PARAM_DOS_INTEL,1), 2, 5, 'ADMIN', '2010-12-08 12:24:54', 'ADMIN', '2010-12-08 12:24:54', '2.0.3', '0', 0);
INSERT INTO TA_R_PARAM_DOS_INTEL (ID, ID_PARAM, ID_TYPE_DONNEE, QUI_CREE, QUAND_CREE, QUI_MODIF, QUAND_MODIF, "VERSION", IP_ACCES, VERSION_OBJ) VALUES (gen_id(NUM_ID_R_PARAM_DOS_INTEL,1), 2, 6, 'ADMIN', '2010-12-08 12:24:54', 'ADMIN', '2010-12-08 12:24:54', '2.0.3', '0', 0);
INSERT INTO TA_R_PARAM_DOS_INTEL (ID, ID_PARAM, ID_TYPE_DONNEE, QUI_CREE, QUAND_CREE, QUI_MODIF, QUAND_MODIF, "VERSION", IP_ACCES, VERSION_OBJ) VALUES (gen_id(NUM_ID_R_PARAM_DOS_INTEL,1), 2, 7, 'ADMIN', '2010-12-08 12:24:54', 'ADMIN', '2010-12-08 12:24:54', '2.0.3', '0', 0);
INSERT INTO TA_R_PARAM_DOS_INTEL (ID, ID_PARAM, ID_TYPE_DONNEE, QUI_CREE, QUAND_CREE, QUI_MODIF, QUAND_MODIF, "VERSION", IP_ACCES, VERSION_OBJ) VALUES (gen_id(NUM_ID_R_PARAM_DOS_INTEL,1), 2, 8, 'ADMIN', '2010-12-08 12:24:54', 'ADMIN', '2010-12-08 12:24:54', '2.0.3', '0', 0);
INSERT INTO TA_R_PARAM_DOS_INTEL (ID, ID_PARAM, ID_TYPE_DONNEE, QUI_CREE, QUAND_CREE, QUI_MODIF, QUAND_MODIF, "VERSION", IP_ACCES, VERSION_OBJ) VALUES (gen_id(NUM_ID_R_PARAM_DOS_INTEL,1), 2, 9, 'ADMIN', '2010-12-08 12:24:54', 'ADMIN', '2010-12-08 12:24:54', '2.0.3', '0', 0);
INSERT INTO TA_R_PARAM_DOS_INTEL (ID, ID_PARAM, ID_TYPE_DONNEE, QUI_CREE, QUAND_CREE, QUI_MODIF, QUAND_MODIF, "VERSION", IP_ACCES, VERSION_OBJ) VALUES (gen_id(NUM_ID_R_PARAM_DOS_INTEL,1), 2, 10, 'ADMIN', '2010-12-08 12:24:54', 'ADMIN', '2010-12-08 12:24:54', '2.0.3', '0', 0);
INSERT INTO TA_R_PARAM_DOS_INTEL (ID, ID_PARAM, ID_TYPE_DONNEE, QUI_CREE, QUAND_CREE, QUI_MODIF, QUAND_MODIF, "VERSION", IP_ACCES, VERSION_OBJ) VALUES (gen_id(NUM_ID_R_PARAM_DOS_INTEL,1), 2, 11, 'ADMIN', '2010-12-08 12:24:54', 'ADMIN', '2010-12-08 12:24:54', '2.0.3', '0', 0);
INSERT INTO TA_R_PARAM_DOS_INTEL (ID, ID_PARAM, ID_TYPE_DONNEE, QUI_CREE, QUAND_CREE, QUI_MODIF, QUAND_MODIF, "VERSION", IP_ACCES, VERSION_OBJ) VALUES (gen_id(NUM_ID_R_PARAM_DOS_INTEL,1), 2, 12, 'ADMIN', '2010-12-08 12:24:54', 'ADMIN', '2010-12-08 12:24:54', '2.0.3', '0', 0);
INSERT INTO TA_R_PARAM_DOS_INTEL (ID, ID_PARAM, ID_TYPE_DONNEE, QUI_CREE, QUAND_CREE, QUI_MODIF, QUAND_MODIF, "VERSION", IP_ACCES, VERSION_OBJ) VALUES (gen_id(NUM_ID_R_PARAM_DOS_INTEL,1), 3, 1, 'ADMIN', '2010-12-08 12:25:42', 'ADMIN', '2010-12-08 12:25:42', '2.0.3', '0', 0);
INSERT INTO TA_R_PARAM_DOS_INTEL (ID, ID_PARAM, ID_TYPE_DONNEE, QUI_CREE, QUAND_CREE, QUI_MODIF, QUAND_MODIF, "VERSION", IP_ACCES, VERSION_OBJ) VALUES (gen_id(NUM_ID_R_PARAM_DOS_INTEL,1), 3, 2, 'ADMIN', '2010-12-08 12:25:42', 'ADMIN', '2010-12-08 12:25:42', '2.0.3', '0', 0);
INSERT INTO TA_R_PARAM_DOS_INTEL (ID, ID_PARAM, ID_TYPE_DONNEE, QUI_CREE, QUAND_CREE, QUI_MODIF, QUAND_MODIF, "VERSION", IP_ACCES, VERSION_OBJ) VALUES (gen_id(NUM_ID_R_PARAM_DOS_INTEL,1), 3, 3, 'ADMIN', '2010-12-08 12:25:42', 'ADMIN', '2010-12-08 12:25:42', '2.0.3', '0', 0);
INSERT INTO TA_R_PARAM_DOS_INTEL (ID, ID_PARAM, ID_TYPE_DONNEE, QUI_CREE, QUAND_CREE, QUI_MODIF, QUAND_MODIF, "VERSION", IP_ACCES, VERSION_OBJ) VALUES (gen_id(NUM_ID_R_PARAM_DOS_INTEL,1), 3, 4, 'ADMIN', '2010-12-08 12:25:42', 'ADMIN', '2010-12-08 12:25:42', '2.0.3', '0', 0);
INSERT INTO TA_R_PARAM_DOS_INTEL (ID, ID_PARAM, ID_TYPE_DONNEE, QUI_CREE, QUAND_CREE, QUI_MODIF, QUAND_MODIF, "VERSION", IP_ACCES, VERSION_OBJ) VALUES (gen_id(NUM_ID_R_PARAM_DOS_INTEL,1), 3, 5, 'ADMIN', '2010-12-08 12:25:42', 'ADMIN', '2010-12-08 12:25:42', '2.0.3', '0', 0);
INSERT INTO TA_R_PARAM_DOS_INTEL (ID, ID_PARAM, ID_TYPE_DONNEE, QUI_CREE, QUAND_CREE, QUI_MODIF, QUAND_MODIF, "VERSION", IP_ACCES, VERSION_OBJ) VALUES (gen_id(NUM_ID_R_PARAM_DOS_INTEL,1), 3, 6, 'ADMIN', '2010-12-08 12:25:42', 'ADMIN', '2010-12-08 12:25:42', '2.0.3', '0', 0);
INSERT INTO TA_R_PARAM_DOS_INTEL (ID, ID_PARAM, ID_TYPE_DONNEE, QUI_CREE, QUAND_CREE, QUI_MODIF, QUAND_MODIF, "VERSION", IP_ACCES, VERSION_OBJ) VALUES (gen_id(NUM_ID_R_PARAM_DOS_INTEL,1), 3, 7, 'ADMIN', '2010-12-08 12:25:42', 'ADMIN', '2010-12-08 12:25:42', '2.0.3', '0', 0);
INSERT INTO TA_R_PARAM_DOS_INTEL (ID, ID_PARAM, ID_TYPE_DONNEE, QUI_CREE, QUAND_CREE, QUI_MODIF, QUAND_MODIF, "VERSION", IP_ACCES, VERSION_OBJ) VALUES (gen_id(NUM_ID_R_PARAM_DOS_INTEL,1), 3, 8, 'ADMIN', '2010-12-08 12:25:42', 'ADMIN', '2010-12-08 12:25:42', '2.0.3', '0', 0);
INSERT INTO TA_R_PARAM_DOS_INTEL (ID, ID_PARAM, ID_TYPE_DONNEE, QUI_CREE, QUAND_CREE, QUI_MODIF, QUAND_MODIF, "VERSION", IP_ACCES, VERSION_OBJ) VALUES (gen_id(NUM_ID_R_PARAM_DOS_INTEL,1), 3, 9, 'ADMIN', '2010-12-08 12:25:42', 'ADMIN', '2010-12-08 12:25:42', '2.0.3', '0', 0);
INSERT INTO TA_R_PARAM_DOS_INTEL (ID, ID_PARAM, ID_TYPE_DONNEE, QUI_CREE, QUAND_CREE, QUI_MODIF, QUAND_MODIF, "VERSION", IP_ACCES, VERSION_OBJ) VALUES (gen_id(NUM_ID_R_PARAM_DOS_INTEL,1), 3, 10, 'ADMIN', '2010-12-08 12:25:42', 'ADMIN', '2010-12-08 12:25:42', '2.0.3', '0', 0);
INSERT INTO TA_R_PARAM_DOS_INTEL (ID, ID_PARAM, ID_TYPE_DONNEE, QUI_CREE, QUAND_CREE, QUI_MODIF, QUAND_MODIF, "VERSION", IP_ACCES, VERSION_OBJ) VALUES (gen_id(NUM_ID_R_PARAM_DOS_INTEL,1), 3, 11, 'ADMIN', '2010-12-08 12:25:42', 'ADMIN', '2010-12-08 12:25:42', '2.0.3', '0', 0);
INSERT INTO TA_R_PARAM_DOS_INTEL (ID, ID_PARAM, ID_TYPE_DONNEE, QUI_CREE, QUAND_CREE, QUI_MODIF, QUAND_MODIF, "VERSION", IP_ACCES, VERSION_OBJ) VALUES (gen_id(NUM_ID_R_PARAM_DOS_INTEL,1), 3, 12, 'ADMIN', '2010-12-08 12:25:42', 'ADMIN', '2010-12-08 12:25:42', '2.0.3', '0', 0);
INSERT INTO TA_R_PARAM_DOS_INTEL (ID, ID_PARAM, ID_TYPE_DONNEE, QUI_CREE, QUAND_CREE, QUI_MODIF, QUAND_MODIF, "VERSION", IP_ACCES, VERSION_OBJ) VALUES (gen_id(NUM_ID_R_PARAM_DOS_INTEL,1), 4, 1, 'ADMIN', '2010-12-08 12:26:15', 'ADMIN', '2010-12-08 12:26:15', '2.0.3', '0', 0);
INSERT INTO TA_R_PARAM_DOS_INTEL (ID, ID_PARAM, ID_TYPE_DONNEE, QUI_CREE, QUAND_CREE, QUI_MODIF, QUAND_MODIF, "VERSION", IP_ACCES, VERSION_OBJ) VALUES (gen_id(NUM_ID_R_PARAM_DOS_INTEL,1), 4, 2, 'ADMIN', '2010-12-08 12:26:15', 'ADMIN', '2010-12-08 12:26:15', '2.0.3', '0', 0);
INSERT INTO TA_R_PARAM_DOS_INTEL (ID, ID_PARAM, ID_TYPE_DONNEE, QUI_CREE, QUAND_CREE, QUI_MODIF, QUAND_MODIF, "VERSION", IP_ACCES, VERSION_OBJ) VALUES (gen_id(NUM_ID_R_PARAM_DOS_INTEL,1), 4, 3, 'ADMIN', '2010-12-08 12:26:15', 'ADMIN', '2010-12-08 12:26:15', '2.0.3', '0', 0);
INSERT INTO TA_R_PARAM_DOS_INTEL (ID, ID_PARAM, ID_TYPE_DONNEE, QUI_CREE, QUAND_CREE, QUI_MODIF, QUAND_MODIF, "VERSION", IP_ACCES, VERSION_OBJ) VALUES (gen_id(NUM_ID_R_PARAM_DOS_INTEL,1), 4, 4, 'ADMIN', '2010-12-08 12:26:15', 'ADMIN', '2010-12-08 12:26:15', '2.0.3', '0', 0);
INSERT INTO TA_R_PARAM_DOS_INTEL (ID, ID_PARAM, ID_TYPE_DONNEE, QUI_CREE, QUAND_CREE, QUI_MODIF, QUAND_MODIF, "VERSION", IP_ACCES, VERSION_OBJ) VALUES (gen_id(NUM_ID_R_PARAM_DOS_INTEL,1), 4, 5, 'ADMIN', '2010-12-08 12:26:15', 'ADMIN', '2010-12-08 12:26:15', '2.0.3', '0', 0);
INSERT INTO TA_R_PARAM_DOS_INTEL (ID, ID_PARAM, ID_TYPE_DONNEE, QUI_CREE, QUAND_CREE, QUI_MODIF, QUAND_MODIF, "VERSION", IP_ACCES, VERSION_OBJ) VALUES (gen_id(NUM_ID_R_PARAM_DOS_INTEL,1), 4, 6, 'ADMIN', '2010-12-08 12:26:15', 'ADMIN', '2010-12-08 12:26:15', '2.0.3', '0', 0);
INSERT INTO TA_R_PARAM_DOS_INTEL (ID, ID_PARAM, ID_TYPE_DONNEE, QUI_CREE, QUAND_CREE, QUI_MODIF, QUAND_MODIF, "VERSION", IP_ACCES, VERSION_OBJ) VALUES (gen_id(NUM_ID_R_PARAM_DOS_INTEL,1), 4, 7, 'ADMIN', '2010-12-08 12:26:15', 'ADMIN', '2010-12-08 12:26:15', '2.0.3', '0', 0);
INSERT INTO TA_R_PARAM_DOS_INTEL (ID, ID_PARAM, ID_TYPE_DONNEE, QUI_CREE, QUAND_CREE, QUI_MODIF, QUAND_MODIF, "VERSION", IP_ACCES, VERSION_OBJ) VALUES (gen_id(NUM_ID_R_PARAM_DOS_INTEL,1), 4, 8, 'ADMIN', '2010-12-08 12:26:15', 'ADMIN', '2010-12-08 12:26:15', '2.0.3', '0', 0);
INSERT INTO TA_R_PARAM_DOS_INTEL (ID, ID_PARAM, ID_TYPE_DONNEE, QUI_CREE, QUAND_CREE, QUI_MODIF, QUAND_MODIF, "VERSION", IP_ACCES, VERSION_OBJ) VALUES (gen_id(NUM_ID_R_PARAM_DOS_INTEL,1), 4, 9, 'ADMIN', '2010-12-08 12:26:15', 'ADMIN', '2010-12-08 12:26:15', '2.0.3', '0', 0);
INSERT INTO TA_R_PARAM_DOS_INTEL (ID, ID_PARAM, ID_TYPE_DONNEE, QUI_CREE, QUAND_CREE, QUI_MODIF, QUAND_MODIF, "VERSION", IP_ACCES, VERSION_OBJ) VALUES (gen_id(NUM_ID_R_PARAM_DOS_INTEL,1), 4, 10, 'ADMIN', '2010-12-08 12:26:15', 'ADMIN', '2010-12-08 12:26:15', '2.0.3', '0', 0);
INSERT INTO TA_R_PARAM_DOS_INTEL (ID, ID_PARAM, ID_TYPE_DONNEE, QUI_CREE, QUAND_CREE, QUI_MODIF, QUAND_MODIF, "VERSION", IP_ACCES, VERSION_OBJ) VALUES (gen_id(NUM_ID_R_PARAM_DOS_INTEL,1), 4, 11, 'ADMIN', '2010-12-08 12:26:15', 'ADMIN', '2010-12-08 12:26:15', '2.0.3', '0', 0);
INSERT INTO TA_R_PARAM_DOS_INTEL (ID, ID_PARAM, ID_TYPE_DONNEE, QUI_CREE, QUAND_CREE, QUI_MODIF, QUAND_MODIF, "VERSION", IP_ACCES, VERSION_OBJ) VALUES (gen_id(NUM_ID_R_PARAM_DOS_INTEL,1), 4, 12, 'ADMIN', '2010-12-08 12:26:15', 'ADMIN', '2010-12-08 12:26:15', '2.0.3', '0', 0);
INSERT INTO TA_R_PARAM_DOS_INTEL (ID, ID_PARAM, ID_TYPE_DONNEE, QUI_CREE, QUAND_CREE, QUI_MODIF, QUAND_MODIF, "VERSION", IP_ACCES, VERSION_OBJ) VALUES (gen_id(NUM_ID_R_PARAM_DOS_INTEL,1), 5, 2, 'ADMIN', '2010-12-08 12:27:18', 'ADMIN', '2010-12-08 12:27:18', '2.0.3', '0', 0);
INSERT INTO TA_R_PARAM_DOS_INTEL (ID, ID_PARAM, ID_TYPE_DONNEE, QUI_CREE, QUAND_CREE, QUI_MODIF, QUAND_MODIF, "VERSION", IP_ACCES, VERSION_OBJ) VALUES (gen_id(NUM_ID_R_PARAM_DOS_INTEL,1), 5, 12, 'ADMIN', '2010-12-08 12:27:18', 'ADMIN', '2010-12-08 12:27:18', '2.0.3', '0', 0);
INSERT INTO TA_R_PARAM_DOS_INTEL (ID, ID_PARAM, ID_TYPE_DONNEE, QUI_CREE, QUAND_CREE, QUI_MODIF, QUAND_MODIF, "VERSION", IP_ACCES, VERSION_OBJ) VALUES (gen_id(NUM_ID_R_PARAM_DOS_INTEL,1), 6, 2, 'ADMIN', '2010-12-08 12:27:54', 'ADMIN', '2010-12-08 12:27:54', '2.0.3', '0', 0);
INSERT INTO TA_R_PARAM_DOS_INTEL (ID, ID_PARAM, ID_TYPE_DONNEE, QUI_CREE, QUAND_CREE, QUI_MODIF, QUAND_MODIF, "VERSION", IP_ACCES, VERSION_OBJ) VALUES (gen_id(NUM_ID_R_PARAM_DOS_INTEL,1), 6, 12, 'ADMIN', '2010-12-08 12:27:54', 'ADMIN', '2010-12-08 12:27:54', '2.0.3', '0', 0);
INSERT INTO TA_R_PARAM_DOS_INTEL (ID, ID_PARAM, ID_TYPE_DONNEE, QUI_CREE, QUAND_CREE, QUI_MODIF, QUAND_MODIF, "VERSION", IP_ACCES, VERSION_OBJ) VALUES (gen_id(NUM_ID_R_PARAM_DOS_INTEL,1), 7, 1, 'ADMIN', '2010-12-08 12:32:24', 'ADMIN', '2010-12-08 12:32:24', '2.0.3', '0', 0);
INSERT INTO TA_R_PARAM_DOS_INTEL (ID, ID_PARAM, ID_TYPE_DONNEE, QUI_CREE, QUAND_CREE, QUI_MODIF, QUAND_MODIF, "VERSION", IP_ACCES, VERSION_OBJ) VALUES (gen_id(NUM_ID_R_PARAM_DOS_INTEL,1), 7, 2, 'ADMIN', '2010-12-08 12:15:21', 'ADMIN', '2010-12-08 12:15:21', '2.0.3', '0', 0);
INSERT INTO TA_R_PARAM_DOS_INTEL (ID, ID_PARAM, ID_TYPE_DONNEE, QUI_CREE, QUAND_CREE, QUI_MODIF, QUAND_MODIF, "VERSION", IP_ACCES, VERSION_OBJ) VALUES (gen_id(NUM_ID_R_PARAM_DOS_INTEL,1), 7, 3, 'ADMIN', '2010-12-08 12:32:24', 'ADMIN', '2010-12-08 12:32:24', '2.0.3', '0', 0);
INSERT INTO TA_R_PARAM_DOS_INTEL (ID, ID_PARAM, ID_TYPE_DONNEE, QUI_CREE, QUAND_CREE, QUI_MODIF, QUAND_MODIF, "VERSION", IP_ACCES, VERSION_OBJ) VALUES (gen_id(NUM_ID_R_PARAM_DOS_INTEL,1), 7, 4, 'ADMIN', '2010-12-08 12:32:24', 'ADMIN', '2010-12-08 12:32:24', '2.0.3', '0', 0);
INSERT INTO TA_R_PARAM_DOS_INTEL (ID, ID_PARAM, ID_TYPE_DONNEE, QUI_CREE, QUAND_CREE, QUI_MODIF, QUAND_MODIF, "VERSION", IP_ACCES, VERSION_OBJ) VALUES (gen_id(NUM_ID_R_PARAM_DOS_INTEL,1), 7, 5, 'ADMIN', '2010-12-08 12:32:24', 'ADMIN', '2010-12-08 12:32:24', '2.0.3', '0', 0);
INSERT INTO TA_R_PARAM_DOS_INTEL (ID, ID_PARAM, ID_TYPE_DONNEE, QUI_CREE, QUAND_CREE, QUI_MODIF, QUAND_MODIF, "VERSION", IP_ACCES, VERSION_OBJ) VALUES (gen_id(NUM_ID_R_PARAM_DOS_INTEL,1), 7, 6, 'ADMIN', '2010-12-08 12:32:24', 'ADMIN', '2010-12-08 12:32:24', '2.0.3', '0', 0);
INSERT INTO TA_R_PARAM_DOS_INTEL (ID, ID_PARAM, ID_TYPE_DONNEE, QUI_CREE, QUAND_CREE, QUI_MODIF, QUAND_MODIF, "VERSION", IP_ACCES, VERSION_OBJ) VALUES (gen_id(NUM_ID_R_PARAM_DOS_INTEL,1), 7, 7, 'ADMIN', '2010-12-08 12:32:24', 'ADMIN', '2010-12-08 12:32:24', '2.0.3', '0', 0);
INSERT INTO TA_R_PARAM_DOS_INTEL (ID, ID_PARAM, ID_TYPE_DONNEE, QUI_CREE, QUAND_CREE, QUI_MODIF, QUAND_MODIF, "VERSION", IP_ACCES, VERSION_OBJ) VALUES (gen_id(NUM_ID_R_PARAM_DOS_INTEL,1), 7, 8, 'ADMIN', '2010-12-08 12:32:24', 'ADMIN', '2010-12-08 12:32:24', '2.0.3', '0', 0);
INSERT INTO TA_R_PARAM_DOS_INTEL (ID, ID_PARAM, ID_TYPE_DONNEE, QUI_CREE, QUAND_CREE, QUI_MODIF, QUAND_MODIF, "VERSION", IP_ACCES, VERSION_OBJ) VALUES (gen_id(NUM_ID_R_PARAM_DOS_INTEL,1), 7, 9, 'ADMIN', '2010-12-08 12:32:24', 'ADMIN', '2010-12-08 12:32:24', '2.0.3', '0', 0);
INSERT INTO TA_R_PARAM_DOS_INTEL (ID, ID_PARAM, ID_TYPE_DONNEE, QUI_CREE, QUAND_CREE, QUI_MODIF, QUAND_MODIF, "VERSION", IP_ACCES, VERSION_OBJ) VALUES (gen_id(NUM_ID_R_PARAM_DOS_INTEL,1), 7, 10, 'ADMIN', '2010-12-08 12:32:24', 'ADMIN', '2010-12-08 12:32:24', '2.0.3', '0', 0);
INSERT INTO TA_R_PARAM_DOS_INTEL (ID, ID_PARAM, ID_TYPE_DONNEE, QUI_CREE, QUAND_CREE, QUI_MODIF, QUAND_MODIF, "VERSION", IP_ACCES, VERSION_OBJ) VALUES (gen_id(NUM_ID_R_PARAM_DOS_INTEL,1), 7, 11, 'ADMIN', '2010-12-08 12:32:24', 'ADMIN', '2010-12-08 12:32:24', '2.0.3', '0', 0);
INSERT INTO TA_R_PARAM_DOS_INTEL (ID, ID_PARAM, ID_TYPE_DONNEE, QUI_CREE, QUAND_CREE, QUI_MODIF, QUAND_MODIF, "VERSION", IP_ACCES, VERSION_OBJ) VALUES (gen_id(NUM_ID_R_PARAM_DOS_INTEL,1), 1, 13, 'ADMIN', '2010-12-13 15:54:41', 'ADMIN', '2010-12-13 15:54:41', '2.0.3', '0', 0);
INSERT INTO TA_R_PARAM_DOS_INTEL (ID, ID_PARAM, ID_TYPE_DONNEE, QUI_CREE, QUAND_CREE, QUI_MODIF, QUAND_MODIF, "VERSION", IP_ACCES, VERSION_OBJ) VALUES (gen_id(NUM_ID_R_PARAM_DOS_INTEL,1), 2, 13, 'ADMIN', '2010-12-13 15:55:04', 'ADMIN', '2010-12-13 15:55:04', '2.0.3', '0', 0);
INSERT INTO TA_R_PARAM_DOS_INTEL (ID, ID_PARAM, ID_TYPE_DONNEE,  VERSION_OBJ) VALUES (gen_id(NUM_ID_R_PARAM_DOS_INTEL,1), 8, 2,0);
INSERT INTO TA_R_PARAM_DOS_INTEL (ID, ID_PARAM, ID_TYPE_DONNEE,  VERSION_OBJ) VALUES (gen_id(NUM_ID_R_PARAM_DOS_INTEL,1), 8, 12, 0);
INSERT INTO TA_R_PARAM_DOS_INTEL (ID, ID_PARAM, ID_TYPE_DONNEE, VERSION_OBJ) VALUES (gen_id(NUM_ID_R_PARAM_DOS_INTEL,1), 9, 2, 0);
INSERT INTO TA_R_PARAM_DOS_INTEL (ID, ID_PARAM, ID_TYPE_DONNEE,  VERSION_OBJ) VALUES (gen_id(NUM_ID_R_PARAM_DOS_INTEL,1), 9, 12,0);

end
^

EXECUTE PROCEDURE GESTION_INSERTION_VALEUR5
^
drop procedure GESTION_INSERTION_VALEUR5
^







